{"cameraMode":{"drawMode":0,"name":"Shaded","section":"Shading Mode"},"sceneLighting":false,"audioPlay":false,"sceneViewState":{"m_AlwaysRefresh":false,"showFog":false,"showSkybox":false,"showFlares":false,"showImageEffects":false,"showParticleSystems":false,"showVisualEffectGraphs":true,"m_FxEnabled":true},"in2DMode":false,"pivot":{"x":0.19518566131591798,"y":0.03178691864013672,"z":-9.409151077270508},"rotation":{"x":0.32304564118385317,"y":0.3176473379135132,"z":-0.11609308421611786,"w":0.8838933706283569},"size":6.740874290466309,"orthographic":false}